,2107,2105,2024,2064,2019,2076,2087,2016,2070,2030,2078,2056,2054,15471,2023,2026,2021,2046,2063,2086,2079,2060,2049,2083,2061,2017,2094,2085,2039,2028,2051,2044,2068,2089,2013,2035,9341,2099,2034,2041,2058,2015,15030,2074,2067,2072,16382,16383,16384,11992
2107,0.0,0.0002350844208991772,0.000390879650511557,0.0015497406671135991,0.0005746059668367649,0.0014850644099726076,0.00033417812149801843,0.00010141457087716377,0.001517714587035851,5.048897142906853e-05,0.00019771263532591813,0.00013239304695353477,0.00018157209297583083,0.00011303708448844916,8.737826576355973e-05,0.00019782520967463263,0.00012218451565114725,0.0006074616865979756,3.422198513601869e-05,2.5639688143438817e-05,5.203661569701177e-05,4.509281874920633e-05,3.800352743872054e-05,0.00011092590614013111,3.352418563362472e-05,1.8219469061523038e-05,0.0002007792957977523,2.0246342710984234e-05,2.4143593420674645e-05,4.401015124662143e-06,9.255398964345493e-06,3.36942401364261e-05,1.6797356649513872e-05,1.3562598327211073e-05,0.00036081983320704645,1.6967824396210977e-05,3.234328875205563e-05,3.463475145190612e-05,2.267806493325542e-05,2.8950009255008722e-05,9.13047255671844e-06,4.311645137272609e-06,4.7360999292226163e-05,5.824088738863094e-06,3.6661616858781584e-05,1.4043673387623714e-05,7.682362425651948e-06,2.5899380176826058e-06,1.777643977070245e-06,2.117754045975615e-06
2105,0.0,0.0,2.9029757225404832e-05,0.00011509577249612946,4.267469973356194e-05,0.00011029241156241596,2.4818661509836033e-05,7.531833309382353e-06,0.0001127172671727603,3.7497029615844044e-06,1.4683675132217487e-05,9.832535427113797e-06,1.348495315910842e-05,8.395011395125671e-06,6.489388328538857e-06,1.4692035777261839e-05,9.074370644300447e-06,4.511482054027479e-05,2.541590279693172e-06,1.9042022810985752e-06,3.864643039203906e-06,3.3489427735249714e-06,2.8224369670082173e-06,8.238218902011746e-06,2.489766271664116e-06,1.3531192093003347e-06,1.4911429145181793e-05,1.503650581024147e-06,1.793090672880514e-06,3.268535480091451e-07,6.873777762735414e-07,2.502395839166414e-06,1.247502101799773e-06,1.00726383752479e-06,2.6797281839572098e-05,1.2601623600017594e-06,2.402063701997662e-06,2.572245510594435e-06,1.6842491505832625e-06,2.1500524246945392e-06,6.780997714459463e-07,3.2021623897102973e-07,3.5173954684173247e-06,4.325420418462309e-07,2.722776270159843e-06,1.0429922060717296e-06,5.705518715092445e-07,1.923489027473674e-07,1.320216414950631e-07,1.5728085546876865e-07
2024,0.0,0.0,0.0,5.3838463977815005e-05,1.996198673975372e-05,5.159159105630196e-05,1.1609449979753381e-05,3.5231731584904734e-06,5.272586817697835e-05,1.754002283894113e-06,6.868597321369165e-06,4.599374876440905e-06,6.307869951727346e-06,3.9269428301983855e-06,3.0355476329579485e-06,6.872508188617277e-06,4.244727381893553e-06,2.110340447651849e-05,1.1888822130650129e-06,8.907305949994509e-07,1.8077679183246296e-06,1.5665382921188643e-06,1.320254147327917e-06,3.8535998497445255e-06,1.1646404452837307e-06,6.329499183825842e-07,6.975134042543646e-06,7.03364127856316e-07,8.387558075087434e-07,1.5289260924942455e-07,3.2153538609159777e-07,1.1705481906359836e-06,5.835452989574765e-07,4.711688071302342e-07,1.2534991179382164e-05,5.894674005288478e-07,1.123615727039558e-06,1.2032218409142018e-06,7.878429003671001e-07,1.005732161198392e-06,3.17195404545244e-07,1.497878685990221e-07,1.645335576756167e-06,2.0233062113217056e-07,1.2736357640379872e-06,4.878815016218167e-07,2.6688761642186636e-07,8.997523755344397e-08,6.175589455436345e-08,7.357142219832619e-08
2064,0.0,0.0,0.0,0.0,0.00033281475384828925,0.0008601570025016741,0.00019355769982709243,5.873984502618566e-05,0.0008790681542640319,2.9243473907385205e-05,0.00011451618301308922,7.668273891347004e-05,0.00010516749723665317,6.547166514273036e-05,5.0609944362187295e-05,0.00011458138665927348,7.076990467810645e-05,0.0003518449570065208,1.982155114389796e-05,1.4850640248623875e-05,3.0139877487939306e-05,2.6117994310013842e-05,2.2011840043209283e-05,6.424885970234601e-05,1.9417382055812802e-05,1.0552810901596329e-05,0.00011629240865113545,1.1726786623499415e-05,1.398409443178947e-05,2.5490907681665803e-06,5.360775045626045e-06,1.951587850513127e-05,9.72911602255953e-06,7.855527238366232e-06,0.00020898871731782464,9.827851824884027e-06,1.8733400462090028e-05,2.006062753319339e-05,1.3135252736874318e-05,1.676799539195967e-05,5.28841702290583e-06,2.497327208316665e-06,2.7431736235222688e-05,3.3733423804942183e-06,2.123459848094809e-05,8.134168406496099e-06,4.449664130259611e-06,1.5001055220198114e-06,1.02962060403838e-06,1.2266141185457253e-06
2019,0.0,0.0,0.0,0.0,0.0,0.00022953466847235924,5.1651271024788946e-05,1.5674848678775977e-05,0.00023458114828660054,7.803681268407354e-06,3.055887939780885e-05,2.0462946883957447e-05,2.8064163335385874e-05,1.7471248747801314e-05,1.3505367934915571e-05,3.057627912514533e-05,1.8885094884846914e-05,9.389055175424908e-05,5.289421765084883e-06,3.962923950111673e-06,8.042888410919145e-06,6.969640597793447e-06,5.873904870959653e-06,1.7144940596442314e-05,5.181568411138346e-06,2.8160393331735923e-06,3.103286886923703e-05,3.129317173542158e-06,3.7316844133704675e-06,6.80230123890583e-07,1.4305338668102924e-06,5.207852391591059e-06,2.596234657478096e-06,2.096263629883627e-06,5.576906983782536e-05,2.6225825097736533e-06,4.999046513508327e-06,5.353219792185636e-06,3.505169258042778e-06,4.474574120823969e-06,1.4112249793535865e-06,6.664169112857416e-07,7.320215337502619e-06,9.001833650118915e-07,5.66649635856286e-06,2.1706195997396237e-06,1.1874020416993567e-06,4.0030624952065343e-07,2.74756379722433e-07,3.273245049741488e-07
2076,0.0,0.0,0.0,0.0,0.0,0.0,0.00023308034788978427,7.073396473468019e-05,0.0010585655409096374,3.521471415463214e-05,0.00013789930237621573,9.234062751861331e-05,0.00012664170355668804,7.884035872519237e-05,6.094401539778027e-05,0.00013797781998905106,8.52204485651316e-05,0.00042368836298222677,2.386892404932486e-05,1.788300025587918e-05,3.6294154851601894e-05,3.145104124196327e-05,2.650644918568815e-05,7.73678680017495e-05,2.3382227463545318e-05,1.2707594884400977e-05,0.00014003821645721797,1.4121285323581496e-05,1.6839513995034895e-05,3.069590946666857e-06,6.4553945087670434e-06,2.350083595441687e-05,1.1715709316777307e-05,9.459551457842837e-06,0.0002516622329206877,1.183460603427046e-05,2.2558583310109267e-05,2.4156817571716338e-05,1.5817346870033308e-05,2.0191861149742868e-05,6.36826166350534e-06,3.0072577584309486e-06,3.30330368186756e-05,4.062146927243511e-06,2.55705022619126e-05,9.795088511972644e-06,5.358243378589871e-06,1.8064128539247284e-06,1.2398593742234829e-06,1.477077097591864e-06
2087,0.0,0.0,0.0,0.0,0.0,0.0,0.0,2.2380044998585386e-05,0.00033492742176085367,1.1141845227383247e-05,4.363098553897561e-05,2.921633767901817e-05,4.0069110149944516e-05,2.4944887263039634e-05,1.928253014111172e-05,4.365582831026706e-05,2.6963531322487552e-05,0.00013405391122194816,7.552066341755634e-06,5.6581354083219595e-06,1.1483377494973523e-05,9.951028772213016e-06,8.386572529244495e-06,2.4478994975306903e-05,7.398076790466366e-06,4.020650424494739e-06,4.430773246756212e-05,4.467938453118669e-06,5.327979032093111e-06,9.71210701553858e-07,2.042470263496969e-06,7.435604212729153e-06,3.7068203752372007e-06,2.9929778160612544e-06,7.962528494388293e-05,3.74443899166373e-06,7.137477893092763e-06,7.643155113749264e-06,5.004567975758049e-06,6.3886530725581485e-06,2.014901654765278e-06,9.514886406902043e-07,1.0451568114623527e-05,1.2852528677500026e-06,8.090441323409319e-06,3.099140879283922e-06,1.695334460269823e-06,5.715443932557792e-07,3.922883255748686e-07,4.673434047487837e-07
2016,0.0,0.0,0.0,0.0,0.0,0.0,0.0,0.0,0.00015127390874552748,5.032345423742075e-06,1.970644771395624e-05,1.3195902493436522e-05,1.8097684807263084e-05,1.126665168130339e-05,8.709181498528315e-06,1.9717668243758076e-05,1.2178396009770653e-05,6.054702546168234e-05,3.410979574669268e-06,2.555563396178076e-06,5.18660248877868e-06,4.494499167902456e-06,3.787894107943605e-06,1.1056225950710169e-05,3.341428382930389e-06,1.8159740466009592e-06,2.001210842271692e-05,2.0179969447837675e-06,2.4064443862540153e-06,4.3865873468085837e-07,9.225057137193975e-07,3.3583780845134676e-06,1.6742290142491857e-06,1.3518136276925082e-06,3.596369632892636e-05,1.6912199047487451e-06,3.2237258263191057e-06,3.4521208897334766e-06,2.2603719793841562e-06,2.8855102900324918e-06,9.100540273821213e-07,4.297510339626641e-07,4.720573648186186e-06,5.804995721424263e-07,3.654142966359862e-06,1.3997634236622126e-06,7.657177459154833e-07,2.5814474650907254e-07,1.7718163551063554e-07,2.1108114465847153e-07
2070,0.0,0.0,0.0,0.0,0.0,0.0,0.0,0.0,0.0,0.00015199554042480352,0.0005952079831413085,0.0003985653133865032,0.0005466173625005707,0.0003402947665314122,0.00026304965916710876,0.0005955468848556139,0.0003678328348207669,0.0018287452631420198,0.00010302426407054888,7.718751532026021e-05,0.00015665467726663554,0.000135750583960545,0.00011440848422139763,0.00033393912717289266,0.0001009235595112663,5.4849167409752384e-05,0.0006044400728932393,6.095100999047239e-05,7.268356684444896e-05,1.3249124578236581e-05,2.7863102131308623e-05,0.00010143550351256711,5.056794047068053e-05,4.082979716085324e-05,0.0010862373304899044,5.108112853038628e-05,9.736850472168263e-05,0.00010426688473555116,6.827163710715624e-05,8.715313815018015e-05,2.7487014912592374e-05,1.2980078900605497e-05,0.00014257887373669273,1.753324518779645e-05,0.00011036870250221293,4.227805926092482e-05,2.312752261682812e-05,7.79693104299936e-06,5.351544096264306e-06,6.375435299906967e-06
2030,0.0,0.0,0.0,0.0,0.0,0.0,0.0,0.0,0.0,0.0,2.833220699986548e-05,1.8971914493209635e-05,2.6019268394809032e-05,1.6198206407540605e-05,1.2521299454744078e-05,2.8348338896268487e-05,1.7509032661974767e-05,8.704921777412116e-05,4.904008108645642e-06,3.6741655417946767e-06,7.456843438811416e-06,6.461797815318741e-06,5.445902859693214e-06,1.589567469589972e-05,4.80401348810134e-06,2.6108486593575234e-06,2.877165923387717e-05,2.9012995134693184e-06,3.4597752712543687e-06,6.306651636903299e-07,1.3262980329603742e-06,4.828382286618872e-06,2.407060048843562e-06,1.9435194044586236e-06,5.170545720169694e-05,2.4314880651828377e-06,4.6347910464553674e-06,4.963157493231093e-06,3.249765140129899e-06,4.148534328667685e-06,1.3083960873674468e-06,6.178584506640139e-07,6.786827930627113e-06,8.345915144120467e-07,5.253607166180913e-06,2.0124574274211715e-06,1.1008820055064357e-06,3.711379392260102e-07,2.547362592552325e-07,3.034740086614907e-07
2078,0.0,0.0,0.0,0.0,0.0,0.0,0.0,0.0,0.0,0.0,0.0,6.513657578480762e-05,8.933236802592219e-05,5.561355969743394e-05,4.298957657384147e-05,9.732880282330514e-05,6.011404032595602e-05,0.0002988674639336844,1.6837009039463996e-05,1.2614570993596641e-05,2.560169918230607e-05,2.218539321660239e-05,1.869750490727073e-05,5.457487275997921e-05,1.6493695918298024e-05,8.963868228679438e-06,9.878219527148249e-05,9.96107776582902e-06,1.1878501467794573e-05,2.1652727374591706e-06,4.553600131820401e-06,1.6577361701842984e-05,8.264197550869136e-06,6.672716083718044e-06,0.00017752116860488142,8.348066647903346e-06,1.5912701817849827e-05,1.7040087562353906e-05,1.115747034431662e-05,1.4243228894577617e-05,4.492137097279178e-06,2.1213032459304413e-06,2.3301324281214043e-05,2.8654163209155783e-06,1.8037293044201298e-05,6.90940209443994e-06,3.779675699438052e-06,1.2742337898299552e-06,8.745900505747927e-07,1.0419221408031109e-06
2056,0.0,0.0,0.0,0.0,0.0,0.0,0.0,0.0,0.0,0.0,0.0,0.0,5.832682593214417e-05,3.631116567958738e-05,2.806872363432069e-05,6.354785242916214e-05,3.92496162774113e-05,0.00019513633110658193,1.0993207917401064e-05,8.23629668407182e-06,1.6715843145903994e-05,1.4485271094632248e-05,1.2207961550681548e-05,3.5632986946193344e-05,1.0769052159516582e-05,5.852682442058945e-06,6.449680038844301e-05,6.5037797808681065e-06,7.755702694970855e-06,1.413748329348561e-06,2.9731333459805665e-06,1.0823679163156349e-05,5.3958539627934614e-06,4.356745019864518e-06,0.0001159069946235297,5.4506137137314486e-06,1.0389709906385955e-05,1.1125801801531842e-05,7.28492756877523e-06,9.299678837626314e-06,2.9330029453635475e-06,1.385039800341731e-06,1.5213884008363459e-05,1.8708855778307655e-06,1.177689649255599e-05,4.511281880948782e-06,2.4678231583104044e-06,8.319718160241947e-07,5.710367112070575e-07,6.802910600537926e-07
2054,0.0,0.0,0.0,0.0,0.0,0.0,0.0,0.0,0.0,0.0,0.0,0.0,0.0,0.00011308054846170824,8.74118636453853e-05,0.00019790127559284098,0.00012223149690995225,0.0006076952621419807,3.423514385692473e-05,2.5649546878958003e-05,5.205662433473784e-05,4.511015742241389e-05,3.801814020326431e-05,0.0001109685583426363,3.353707604312618e-05,1.8226474643095364e-05,0.00020085649759380892,2.0254127647247965e-05,2.4152876891701536e-05,4.402707362254402e-06,9.258957764671122e-06,3.37071959337106e-05,1.68038154135871e-05,1.3567813291960759e-05,0.00036095857230893276,1.6974348706963997e-05,3.23557250940206e-05,3.464806888589472e-05,2.2686784892835807e-05,2.896114084455557e-05,9.133983321498363e-06,4.313303011144676e-06,4.737921010521786e-05,5.8263281635470285e-06,3.66757136442922e-05,1.404907333090197e-05,7.685316376530485e-06,2.5909338766721788e-06,1.778327500275331e-06,2.1185683451557437e-06
15471,0.0,0.0,0.0,0.0,0.0,0.0,0.0,0.0,0.0,0.0,0.0,0.0,0.0,0.0,3.309473756771746e-05,7.492679491003353e-05,4.627769211230737e-05,0.00023007763915574471,1.2961662802824732e-05,9.711096266448213e-06,1.9708998860938404e-05,1.7079018330849005e-05,1.4393931445553197e-05,4.201346548926222e-05,1.2697369489094964e-05,6.900669656752497e-06,7.604566244697501e-05,7.668353141033953e-06,9.144446633457031e-06,1.6668955295630407e-06,3.5055055983644803e-06,1.2761778059043555e-05,6.362041009731847e-06,5.136868172572529e-06,0.00013666141785792656,6.426606096843629e-06,1.2250101829928798e-05,1.3117999081437242e-05,8.5893740388556e-06,1.0964888699783138e-05,3.4581894077813167e-06,1.6330464224282051e-06,1.7938097406995532e-05,2.2058882343274416e-06,1.3885679443818628e-05,5.319076559699508e-06,2.9097140593865487e-06,9.80945527618909e-07,6.732871200392724e-07,8.021046626650234e-07
2023,0.0,0.0,0.0,0.0,0.0,0.0,0.0,0.0,0.0,0.0,0.0,0.0,0.0,0.0,0.0,5.283512939276775e-05,3.2633023388873145e-05,0.00016224078248338954,9.140003014341707e-06,6.8478443312501406e-06,1.3897932058483775e-05,1.2043383738692687e-05,1.0149976804821154e-05,2.9626075531845536e-05,8.953634820622451e-06,4.866053254367102e-06,5.362410630227859e-05,5.407390385808572e-06,6.448267561479033e-06,1.1754225053192e-06,2.4719306637772226e-06,8.99905295349899e-06,4.486235669827969e-06,3.622296868528087e-06,9.636771069939004e-05,4.531764171826514e-06,8.638241046290876e-06,9.250244584386093e-06,6.056854417578245e-06,7.731964431762456e-06,2.438565336262066e-06,1.151553581559065e-06,1.2649169081590651e-05,1.5554968076055696e-06,9.791579514398911e-06,3.7507823285275486e-06,2.051804284545168e-06,6.917202843286376e-07,4.747729053200874e-07,5.65609455059899e-07
2026,0.0,0.0,0.0,0.0,0.0,0.0,0.0,0.0,0.0,0.0,0.0,0.0,0.0,0.0,0.0,0.0,0.0001738787883132126,0.0008644688031823014,4.8700748023694673e-05,3.648742136719285e-05,7.405245776928156e-05,6.417085376125301e-05,5.408219910237547e-05,0.0001578568450298558,4.770772095054044e-05,2.5927828802568433e-05,0.0002857257360774706,2.881223958370644e-05,3.43583534062513e-05,6.263012732392742e-06,1.31712070772582e-05,4.7949722735600755e-05,2.3904043859545577e-05,1.93007121315386e-05,0.0005134768105685704,2.414663372524346e-05,4.602720588858003e-05,4.9288149025208934e-05,3.227278375552314e-05,4.1198285266271685e-05,1.2993426347263475e-05,6.135831763216364e-06,6.73986644408151e-05,8.2881655465533e-06,5.2172548076457755e-05,1.998532219154884e-05,1.0932644474928348e-05,3.6856984857781933e-06,2.529736105577892e-06,3.0137411888671317e-06
2021,0.0,0.0,0.0,0.0,0.0,0.0,0.0,0.0,0.0,0.0,0.0,0.0,0.0,0.0,0.0,0.0,0.0,0.0002783571231065709,1.5681537683153282e-05,1.1748872375683861e-05,2.3844734509501003e-05,2.066287895470534e-05,1.7414353529006816e-05,5.082956965414534e-05,1.5361785069487383e-05,8.348705942093624e-06,9.200308166037984e-05,9.277480102525443e-06,1.1063317003038339e-05,2.0166768306166693e-06,4.241100773527098e-06,1.543970913155657e-05,7.697051478158686e-06,6.214788414649365e-06,0.00016533844511872284,7.775164900947205e-06,1.4820662779981358e-05,1.587067956113606e-05,1.0391767994123289e-05,1.3265760570453847e-05,4.183855755126259e-06,1.9757248279954957e-06,2.1702227154881032e-05,2.6687717461598846e-06,1.6799449944568423e-05,6.435231403514618e-06,3.5202883583368014e-06,1.1867871036673033e-06,8.145696663376126e-07,9.704182777130512e-07
2046,0.0,0.0,0.0,0.0,0.0,0.0,0.0,0.0,0.0,0.0,0.0,0.0,0.0,0.0,0.0,0.0,0.0,0.0,0.0001888913001574232,0.0001415205462159951,0.0002872207429152153,0.0002488938361537593,0.00020976386027684926,0.0006122654354699216,0.00018503973354804884,0.0001005639849801365,0.001108219236177878,0.0001117514949208904,0.00013326271791590192,2.4291795628037898e-05,5.1086000327048174e-05,0.00018597836454809462,9.271450864477058e-05,7.485997148784432e-05,0.0019915772608214244,9.365542058136742e-05,0.00017852166785358784,0.0001911696006639333,0.0001251736026788375,0.00015979215892980225,5.03964578745318e-05,2.379851000927657e-05,0.00026141326102230224,3.214657740465733e-05,0.00020235706510900002,7.751530820409506e-05,4.240348480937805e-05,1.4295393956334405e-05,9.811864528349665e-06,1.1689132397435068e-05
2063,0.0,0.0,0.0,0.0,0.0,0.0,0.0,0.0,0.0,0.0,0.0,0.0,0.0,0.0,0.0,0.0,0.0,0.0,0.0,9.691328588858006e-05,0.00019668879689588534,0.0001704425268558526,0.00014364631499567244,0.00041927943873838817,0.00012671523024451075,6.886622817014906e-05,0.0007589086569734552,7.652743622975373e-05,9.125832414440843e-05,1.6635024364970415e-05,3.498369874182799e-05,0.0001273580048583995,6.349090589712792e-05,5.1264116853673116e-05,0.0013638323311203236,6.413524249662214e-05,0.00012225165812740121,0.00013091296393156156,8.571889712468225e-05,0.00010942568832006875,3.4511499993166866e-05,1.629722231803103e-05,0.00017901583040708354,2.2013979804755817e-05,0.00013857414083571446,5.308249173416351e-05,2.9037911143525937e-05,9.789487381327903e-06,6.719165927219235e-06,8.00471917408451e-06
2086,0.0,0.0,0.0,0.0,0.0,0.0,0.0,0.0,0.0,0.0,0.0,0.0,0.0,0.0,0.0,0.0,0.0,0.0,0.0,0.0,5.254099648374108e-05,4.552989466376992e-05,3.837188823258233e-05,0.00011200108935599175,3.384912903929891e-05,1.8396066828613588e-05,0.00020272541042909333,2.0442586569816575e-05,2.4377612572014124e-05,4.443673307582982e-06,9.345109744891087e-06,3.4020831847293857e-05,1.6960170157817043e-05,1.3694057952760181e-05,0.00036431718961469907,1.713229021520036e-05,3.265678595412501e-05,3.497045935587901e-05,2.289787900223974e-05,2.9230616059434267e-05,9.218972449912539e-06,4.353437074302053e-06,4.7820060239279066e-05,5.8805404973170534e-06,3.701697077460245e-05,1.4179795980089432e-05,7.75682606922844e-06,2.6150417827419095e-06,1.7948743341115227e-06,2.138281023710442e-06
2079,0.0,0.0,0.0,0.0,0.0,0.0,0.0,0.0,0.0,0.0,0.0,0.0,0.0,0.0,0.0,0.0,0.0,0.0,0.0,0.0,0.0,7.50685948279703e-05,6.326664605284138e-05,0.00018466470127475758,5.580962951695127e-05,3.0330992359715563e-05,0.0003342487789444739,3.370524486775088e-05,4.0193221059612225e-05,7.326621630430829e-06,1.540799209492524e-05,5.609272897543636e-05,2.7963520477979993e-05,2.2578433260126072e-05,0.0006006774164099548,2.8247307887217206e-05,5.3843722927053614e-05,5.765845196262793e-05,3.775347195360057e-05,4.8194736441675464e-05,1.5200019957950921e-05,7.177842300168969e-06,7.884456472525329e-05,9.695693680438944e-06,6.103269074875924e-05,2.337930643225604e-05,1.2789268186146372e-05,4.311617970930115e-06,2.959345615656747e-06,3.5255463027676994e-06
2060,0.0,0.0,0.0,0.0,0.0,0.0,0.0,0.0,0.0,0.0,0.0,0.0,0.0,0.0,0.0,0.0,0.0,0.0,0.0,0.0,0.0,0.0,6.955919971174587e-05,0.00020303160728565048,6.136050205926487e-05,3.3347738289188734e-05,0.00036749344273105563,3.705759678063232e-05,4.419087252402799e-05,8.055333560402108e-06,1.6940483906682002e-05,6.167175882724036e-05,3.0744795669217323e-05,2.4824103161841294e-05,0.0006604212958514973,3.105680881210344e-05,5.919906475172824e-05,6.33932099354335e-05,4.150846392645712e-05,5.298822533442794e-05,1.671182668660124e-05,7.891756513216457e-06,8.66865112357771e-05,1.0660035502724041e-05,6.710305334018093e-05,2.570463185111997e-05,1.4061299522408921e-05,4.740455109161121e-06,3.253684611692831e-06,3.8762000938441036e-06
2049,0.0,0.0,0.0,0.0,0.0,0.0,0.0,0.0,0.0,0.0,0.0,0.0,0.0,0.0,0.0,0.0,0.0,0.0,0.0,0.0,0.0,0.0,0.0,9.004767480967897e-05,2.7214336769828825e-05,1.479024046181298e-05,0.0001629890560792222,1.6435620388089335e-05,1.959933909699632e-05,3.5726656880081177e-06,7.513368023537854e-06,2.7352383986218783e-05,1.3635794936187626e-05,1.1009875747151186e-05,0.0002929071137310822,1.3774177616611508e-05,2.6255705715321452e-05,2.8115874319885156e-05,1.8409649174673462e-05,2.3501101860182077e-05,7.411954990995837e-06,3.500116724089526e-06,3.8446815638722114e-05,4.72789150045196e-06,2.976124755497719e-05,1.1400403912360485e-05,6.236404980107067e-06,2.102465551184115e-06,1.4430597174693197e-06,1.7191550134193816e-06
2083,0.0,0.0,0.0,0.0,0.0,0.0,0.0,0.0,0.0,0.0,0.0,0.0,0.0,0.0,0.0,0.0,0.0,0.0,0.0,0.0,0.0,0.0,0.0,0.0,0.00018461283372271198,0.00010033197671466825,0.001105662495583369,0.00011149367627433234,0.0001329552713480142,2.4235752727889457e-05,5.0968141291053046e-05,0.00018554929923428505,9.250060967946343e-05,7.468726420957442e-05,0.001986982550439565,9.343935086530478e-05,0.0001781098056693737,0.0001907285587992037,0.0001248848182751003,0.0001594235070547194,5.028018966201492e-05,2.3743605154133136e-05,0.00026081016203739066,3.207241296431749e-05,0.00020189021296814204,7.733647487517298e-05,4.230565695418343e-05,1.4262413465787519e-05,9.789227859062143e-06,1.1662164737662113e-05
2061,0.0,0.0,0.0,0.0,0.0,0.0,0.0,0.0,0.0,0.0,0.0,0.0,0.0,0.0,0.0,0.0,0.0,0.0,0.0,0.0,0.0,0.0,0.0,0.0,0.0,4.9008966185607394e-05,0.0005400808160377615,5.446109993404486e-05,6.494440367923565e-05,1.1838391157205507e-05,2.489630918147049e-05,9.063490653430711e-05,4.518359350998541e-05,3.648234317711224e-05,0.0009705775149115342,4.564213859740832e-05,8.700095153312463e-05,9.316480941467625e-05,6.10022451102105e-05,7.787329146973166e-05,2.456026678273708e-05,1.1597992785815436e-05,0.00012739743430455677,1.5666349392568824e-05,9.861692099119381e-05,3.777639797579426e-05,2.066496224851478e-05,6.966733459839651e-06,4.781725157198491e-06,5.696595003848925e-06
2017,0.0,0.0,0.0,0.0,0.0,0.0,0.0,0.0,0.0,0.0,0.0,0.0,0.0,0.0,0.0,0.0,0.0,0.0,0.0,0.0,0.0,0.0,0.0,0.0,0.0,0.0,0.00023345904552809395,2.3541729369856548e-05,2.807331429873547e-05,5.117344327142681e-06,1.0761849719676116e-05,3.917846763427333e-05,1.9531370678482043e-05,1.577010840570477e-05,0.00041954850739677775,1.9729584529562167e-05,3.7607629269207604e-05,4.027206084142117e-05,2.6369249741143992e-05,3.366204419559222e-05,1.0616589722772635e-05,5.013428074862187e-06,5.506969055792265e-05,6.772043863603991e-06,4.262882806397235e-05,1.6329485427050836e-05,8.932778612293909e-06,3.011488087866252e-06,2.066981381355309e-06,2.4624493091894863e-06
2094,0.0,0.0,0.0,0.0,0.0,0.0,0.0,0.0,0.0,0.0,0.0,0.0,0.0,0.0,0.0,0.0,0.0,0.0,0.0,0.0,0.0,0.0,0.0,0.0,0.0,0.0,0.0,0.0002714764400650185,0.0003237333717889695,5.901174033112575e-05,0.00012410255017854653,0.000451794800350297,0.00022523013913216592,0.00018185634632695842,0.004838112503684911,0.00022751588415188858,0.0004336803449266601,0.0004644058021204528,0.00030408259029930396,0.00038818099469072135,0.00012242745374770823,5.781340805099474e-05,0.0006350478044017248,7.809325862055676e-05,0.0004915833626806096,0.0001883069209650154,0.00010301022917456393,3.4727612935647334e-05,2.3835833734861807e-05,2.8396255933316705e-05
2085,0.0,0.0,0.0,0.0,0.0,0.0,0.0,0.0,0.0,0.0,0.0,0.0,0.0,0.0,0.0,0.0,0.0,0.0,0.0,0.0,0.0,0.0,0.0,0.0,0.0,0.0,0.0,0.0,6.398443353177087e-05,1.166340299100325e-05,2.4528306517002172e-05,8.929519441652513e-05,4.451571608764428e-05,3.594308254223798e-05,0.0009562310064006946,4.49674832300826e-05,8.571495441033429e-05,9.178770175388283e-05,6.0100545642410754e-05,7.672221407336357e-05,2.419723130023965e-05,1.1426558047575559e-05,0.0001255143200273049,1.543477858916447e-05,9.715922340952051e-05,3.721800938061022e-05,2.0359504876775074e-05,6.863755285156249e-06,4.7110444958290534e-06,5.61239127210166e-06
2039,0.0,0.0,0.0,0.0,0.0,0.0,0.0,0.0,0.0,0.0,0.0,0.0,0.0,0.0,0.0,0.0,0.0,0.0,0.0,0.0,0.0,0.0,0.0,0.0,0.0,0.0,0.0,0.0,0.0,2.197620044834778e-05,4.621626990784345e-05,0.0001682501318942205,8.387657535270167e-05,6.772400707486723e-05,0.0018017318177033495,8.47277956428572e-05,0.00016150423859961893,0.0001729465177523616,0.00011324153329105573,0.00014456010450962362,4.559245751512535e-05,2.1529936870217144e-05,0.00023649425971012072,2.9082231696271686e-05,0.000183067546469966,7.012622603091797e-05,3.836140794811353e-05,1.2932697437561948e-05,8.876556716876269e-06,1.0574875590374704e-05
2028,0.0,0.0,0.0,0.0,0.0,0.0,0.0,0.0,0.0,0.0,0.0,0.0,0.0,0.0,0.0,0.0,0.0,0.0,0.0,0.0,0.0,0.0,0.0,0.0,0.0,0.0,0.0,0.0,0.0,0.0,6.65200614987706e-06,2.4216599788552795e-05,1.2072534113838304e-05,9.747660563144643e-06,0.00025932709748516144,1.2195052062956764e-05,2.3245649000624992e-05,2.489256060652546e-05,1.6299095045439158e-05,2.080684369687069e-05,6.562219503723988e-06,3.098849663824637e-06,3.403912243760203e-05,4.185867541484926e-06,2.6349301823565132e-05,1.00934170532479e-05,5.5214391403207285e-06,1.8614306836251483e-06,1.2776217117507477e-06,1.522064363948575e-06
2051,0.0,0.0,0.0,0.0,0.0,0.0,0.0,0.0,0.0,0.0,0.0,0.0,0.0,0.0,0.0,0.0,0.0,0.0,0.0,0.0,0.0,0.0,0.0,0.0,0.0,0.0,0.0,0.0,0.0,0.0,0.0,6.172636726217161e-05,3.0772019234844514e-05,2.484608413738048e-05,0.0006610060784821139,3.108430865571809e-05,5.925148369253618e-05,6.344934266207655e-05,4.154521838740534e-05,5.303514476903339e-05,1.6726624492234677e-05,7.898744419516533e-06,8.676326946025872e-05,1.0669474634446326e-05,6.716247101841327e-05,2.572739250757875e-05,1.407375036821938e-05,4.744652635537794e-06,3.2565656487798757e-06,3.879632349136165e-06
2044,0.0,0.0,0.0,0.0,0.0,0.0,0.0,0.0,0.0,0.0,0.0,0.0,0.0,0.0,0.0,0.0,0.0,0.0,0.0,0.0,0.0,0.0,0.0,0.0,0.0,0.0,0.0,0.0,0.0,0.0,0.0,0.0,0.00010442686614645159,8.431681660785283e-05,0.0022431674942371155,0.00010548664078469149,0.00020107379724801459,0.00021531950707187573,0.00014098642427254392,0.00017997824327310543,5.676289760519429e-05,2.6804907403927506e-05,0.0002944368472282585,3.6207562168772194e-05,0.00022792025175790229,8.730759438249515e-05,4.776019521710289e-05,1.6101290003149093e-05,1.1051369184027683e-05,1.3165786909489835e-05
2068,0.0,0.0,0.0,0.0,0.0,0.0,0.0,0.0,0.0,0.0,0.0,0.0,0.0,0.0,0.0,0.0,0.0,0.0,0.0,0.0,0.0,0.0,0.0,0.0,0.0,0.0,0.0,0.0,0.0,0.0,0.0,0.0,0.0,4.932689487203861e-05,0.0013122944107724205,6.171163297816402e-05,0.00011763188480541712,0.0001259658881410426,8.247966192581225e-05,0.0001052905961390369,3.320734339183939e-05,1.568136586225338e-05,0.0001722509932654424,2.118209254718813e-05,0.00013333755649194595,5.1076555103656885e-05,2.7940596233594774e-05,9.419552009220097e-06,6.465255068487139e-06,7.702228486785434e-06
2089,0.0,0.0,0.0,0.0,0.0,0.0,0.0,0.0,0.0,0.0,0.0,0.0,0.0,0.0,0.0,0.0,0.0,0.0,0.0,0.0,0.0,0.0,0.0,0.0,0.0,0.0,0.0,0.0,0.0,0.0,0.0,0.0,0.0,0.0,0.0006592330997174278,3.10009329940478e-05,5.9092556829708864e-05,6.32791561224437e-05,4.143378402640183e-05,5.2892891636243044e-05,1.6681759624883237e-05,7.877558069527669e-06,8.653054930939266e-05,1.0640856513413808e-05,6.698232496715012e-05,2.5658385395433246e-05,1.4036001153265655e-05,4.731926325383529e-06,3.247830749163896e-06,3.869226233377591e-06
2013,0.0,0.0,0.0,0.0,0.0,0.0,0.0,0.0,0.0,0.0,0.0,0.0,0.0,0.0,0.0,0.0,0.0,0.0,0.0,0.0,0.0,0.0,0.0,0.0,0.0,0.0,0.0,0.0,0.0,0.0,0.0,0.0,0.0,0.0,0.0,0.001801841337044893,0.0034345873276745305,0.0036779215418009576,0.002408221224286874,0.0030742493654728822,0.0009695799824002788,0.00045786072849393877,0.005029342848900734,0.0006184696160955433,0.0038931577317482067,0.0014913209049610603,0.0008158027724397737,0.00027502980179867535,0.0001887709541094325,0.00022488780486112548
2035,0.0,0.0,0.0,0.0,0.0,0.0,0.0,0.0,0.0,0.0,0.0,0.0,0.0,0.0,0.0,0.0,0.0,0.0,0.0,0.0,0.0,0.0,0.0,0.0,0.0,0.0,0.0,0.0,0.0,0.0,0.0,0.0,0.0,0.0,0.0,0.0,5.4532939142273896e-05,5.839649788287345e-05,3.823672800717131e-05,4.881164389231498e-05,1.5394584888776448e-05,7.269720889438752e-06,7.985379940548244e-05,9.819801541840363e-06,6.181392796334699e-05,2.3678568745813797e-05,1.2952974752771313e-05,4.366808007165647e-06,2.99722614980025e-06,3.570674379863504e-06
9341,0.0,0.0,0.0,0.0,0.0,0.0,0.0,0.0,0.0,0.0,0.0,0.0,0.0,0.0,0.0,0.0,0.0,0.0,0.0,0.0,0.0,0.0,0.0,0.0,0.0,0.0,0.0,0.0,0.0,0.0,0.0,0.0,0.0,0.0,0.0,0.0,0.0,0.0004965139282992492,0.0003251062771988341,0.0004150190839239559,0.00013089185301819935,6.181051616646609e-05,0.000678953791235219,8.34924766967597e-05,0.000525570493255375,0.00020132610020670214,0.0001101321587907358,3.712861346780041e-05,2.548379754935624e-05,3.0359518589272635e-05
2099,0.0,0.0,0.0,0.0,0.0,0.0,0.0,0.0,0.0,0.0,0.0,0.0,0.0,0.0,0.0,0.0,0.0,0.0,0.0,0.0,0.0,0.0,0.0,0.0,0.0,0.0,0.0,0.0,0.0,0.0,0.0,0.0,0.0,0.0,0.0,0.0,0.0,0.0,0.0006564503857880013,0.0008380011610315376,0.000264295134965212,0.00012480699398620442,0.0013709347048872795,0.00016858692797390304,0.0010612251354509337,0.0004065150549801732,0.00022237742915565966,7.496961561220385e-05,5.1456554074429367e-05,6.130154687255455e-05
2034,0.0,0.0,0.0,0.0,0.0,0.0,0.0,0.0,0.0,0.0,0.0,0.0,0.0,0.0,0.0,0.0,0.0,0.0,0.0,0.0,0.0,0.0,0.0,0.0,0.0,0.0,0.0,0.0,0.0,0.0,0.0,0.0,0.0,0.0,0.0,0.0,0.0,0.0,0.0,0.0003849275489015589,0.00012140135744386751,5.732885885473521e-05,0.0006297253037296003,7.743873872675456e-05,0.0004874632747751993,0.0001867286717269974,0.0001021468736756281,3.4436551787321035e-05,2.36360594183535e-05,2.8158259533292474e-05
2041,0.0,0.0,0.0,0.0,0.0,0.0,0.0,0.0,0.0,0.0,0.0,0.0,0.0,0.0,0.0,0.0,0.0,0.0,0.0,0.0,0.0,0.0,0.0,0.0,0.0,0.0,0.0,0.0,0.0,0.0,0.0,0.0,0.0,0.0,0.0,0.0,0.0,0.0,0.0,0.0,0.00015120330163763144,7.140210719605599e-05,0.0007843120295644251,9.644861652846937e-05,0.0006071271205281352,0.00023256734743337646,0.00012722217343293175,4.2890132671422145e-05,2.9438305279335375e-05,3.507062770506284e-05
2058,0.0,0.0,0.0,0.0,0.0,0.0,0.0,0.0,0.0,0.0,0.0,0.0,0.0,0.0,0.0,0.0,0.0,0.0,0.0,0.0,0.0,0.0,0.0,0.0,0.0,0.0,0.0,0.0,0.0,0.0,0.0,0.0,0.0,0.0,0.0,0.0,0.0,0.0,0.0,0.0,0.0,2.157665012709576e-05,0.00023700737859062423,2.9145331080539252e-05,0.00018346474602405378,7.027837809853689e-05,3.844464025457625e-05,1.2960757362733862e-05,8.895816080088187e-06,1.0597819776550945e-05
2015,0.0,0.0,0.0,0.0,0.0,0.0,0.0,0.0,0.0,0.0,0.0,0.0,0.0,0.0,0.0,0.0,0.0,0.0,0.0,0.0,0.0,0.0,0.0,0.0,0.0,0.0,0.0,0.0,0.0,0.0,0.0,0.0,0.0,0.0,0.0,0.0,0.0,0.0,0.0,0.0,0.0,0.0,8.401155743856992e-05,1.0331090410346093e-05,6.503240169233351e-05,2.491144382687306e-05,1.3627398953393845e-05,4.59417516071273e-06,3.153283108818988e-06,3.7565891415523295e-06
15030,0.0,0.0,0.0,0.0,0.0,0.0,0.0,0.0,0.0,0.0,0.0,0.0,0.0,0.0,0.0,0.0,0.0,0.0,0.0,0.0,0.0,0.0,0.0,0.0,0.0,0.0,0.0,0.0,0.0,0.0,0.0,0.0,0.0,0.0,0.0,0.0,0.0,0.0,0.0,0.0,0.0,0.0,0.0,0.00010122361438367052,0.000637184894322129,0.00024408133928888873,0.00013352071484432648,4.5013546141587206e-05,3.089574292467569e-05,3.6806911522289e-05
2074,0.0,0.0,0.0,0.0,0.0,0.0,0.0,0.0,0.0,0.0,0.0,0.0,0.0,0.0,0.0,0.0,0.0,0.0,0.0,0.0,0.0,0.0,0.0,0.0,0.0,0.0,0.0,0.0,0.0,0.0,0.0,0.0,0.0,0.0,0.0,0.0,0.0,0.0,0.0,0.0,0.0,0.0,0.0,0.0,0.00010671042479060757,4.087671197335411e-05,2.2360938443999823e-05,7.538494199882936e-06,5.174161975733853e-06,6.164115312168921e-06
2067,0.0,0.0,0.0,0.0,0.0,0.0,0.0,0.0,0.0,0.0,0.0,0.0,0.0,0.0,0.0,0.0,0.0,0.0,0.0,0.0,0.0,0.0,0.0,0.0,0.0,0.0,0.0,0.0,0.0,0.0,0.0,0.0,0.0,0.0,0.0,0.0,0.0,0.0,0.0,0.0,0.0,0.0,0.0,0.0,0.0,0.00023427577846517165,0.00012815674275843647,4.320520198111815e-05,2.965455796836382e-05,3.5328255223874456e-05
2072,0.0,0.0,0.0,0.0,0.0,0.0,0.0,0.0,0.0,0.0,0.0,0.0,0.0,0.0,0.0,0.0,0.0,0.0,0.0,0.0,0.0,0.0,0.0,0.0,0.0,0.0,0.0,0.0,0.0,0.0,0.0,0.0,0.0,0.0,0.0,0.0,0.0,0.0,0.0,0.0,0.0,0.0,0.0,0.0,0.0,0.0,0.00017459358797919145,5.88603538985663e-05,4.039971338373242e-05,4.8129241613194925e-05
16382,0.0,0.0,0.0,0.0,0.0,0.0,0.0,0.0,0.0,0.0,0.0,0.0,0.0,0.0,0.0,0.0,0.0,0.0,0.0,0.0,0.0,0.0,0.0,0.0,0.0,0.0,0.0,0.0,0.0,0.0,0.0,0.0,0.0,0.0,0.0,0.0,0.0,0.0,0.0,0.0,0.0,0.0,0.0,0.0,0.0,0.0,0.0,9.245447339715215e-05,6.345755638380283e-05,7.559865671247054e-05
16383,0.0,0.0,0.0,0.0,0.0,0.0,0.0,0.0,0.0,0.0,0.0,0.0,0.0,0.0,0.0,0.0,0.0,0.0,0.0,0.0,0.0,0.0,0.0,0.0,0.0,0.0,0.0,0.0,0.0,0.0,0.0,0.0,0.0,0.0,0.0,0.0,0.0,0.0,0.0,0.0,0.0,0.0,0.0,0.0,0.0,0.0,0.0,0.0,9.416575000598359e-05,0.00011218213581561265
16384,0.0,0.0,0.0,0.0,0.0,0.0,0.0,0.0,0.0,0.0,0.0,0.0,0.0,0.0,0.0,0.0,0.0,0.0,0.0,0.0,0.0,0.0,0.0,0.0,0.0,0.0,0.0,0.0,0.0,0.0,0.0,0.0,0.0,0.0,0.0,0.0,0.0,0.0,0.0,0.0,0.0,0.0,0.0,0.0,0.0,0.0,0.0,0.0,0.0,0.00012243307892081376
11992,0.0,0.0,0.0,0.0,0.0,0.0,0.0,0.0,0.0,0.0,0.0,0.0,0.0,0.0,0.0,0.0,0.0,0.0,0.0,0.0,0.0,0.0,0.0,0.0,0.0,0.0,0.0,0.0,0.0,0.0,0.0,0.0,0.0,0.0,0.0,0.0,0.0,0.0,0.0,0.0,0.0,0.0,0.0,0.0,0.0,0.0,0.0,0.0,0.0,0.0
